municipality,canton
שדות נגב,0
בני ברק,1
דאלית אל-כרמל,2
בית ג'ן,3
עראבה,4
עפולה,5
חולון,6
נצרת,4
דימונה,0
אום אל-פחם,4
נתיבות,0
עוספייא,2
סח'נין,4
הגלבוע,5
עמק המעיינות,5
מרחבים,0
אופקים,0
דבוריה,4
תל שבע,4
כאוכב אבו אל-היג'א,4
משהד,4
כסייפה,4
מזרעה,4
בית שאן,5
ערערה בנגב,4
שגב שלום,4
שעב,4
טורעאן,4
לקיה,4
נווה מדבר,4
רכסים,1
קרית יערים,1
עמק יזרעאל,5
רמת ישי,5
כפר תבור,5
דיר חנא,4
הגליל התחתון,5
בענה,4
אלעד,1
עין מאהל,4
כפר יאסיף,4
חורה,4
מגדל העמק,5
באר שבע,0
מג'ד אל-כרום,4
בת ים,6
טבריה,5
ג'דיידה-מכר,4
כאבול,4
נחף,4
אכסאל,4
קלנסווה,4
"בסמ""ה",4
ג'ת,4
בועיינה-נוג'ידאת,4
ריינה,4
אעבלין,4
מגדל,5
מרום הגליל,5
כרמיאל,5
מבואות החרמון,5
גולן,5
קצרין,5
יסוד המעלה,5
מעלה עירון,4
אזור,6
ראש פינה,5
מטולה,5
כפר קרע,4
יפיע,4
קרית שמונה,5
כפר כנא,4
ערערה,4
ג'לג'וליה,4
חוף השרון,2
נתניה,2
הרצליה,2
כפר שמריהו,2
אבן יהודה,2
תל מונד,2
קדימה - צורן,2
רמת גן,1
באקה אל גרבייה,4
לב השרון,2
פרדסיה,2
זמר,4
דיר אל-אסד,4
חצור הגלילית,5
כפר יונה,2
זבולון,5
נשר,5
קרית ביאליק,5
טמרה,4
קרית מוצקין,5
דרום השרון,2
סביון,2
כוכב יאיר,2
ראשון לציון,6
גני תקווה,2
רהט,4
קרית ים,5
חבל מודיעין,2
שהם,2
טייבה,4
גזר,2
מזכרת בתיה,2
ברנר,2
גדרות,2
גן רוה,2
קרית אתא,5
פתח תקווה,1
שפרעם,4
באר טוביה,2
באר יעקב,6
בית דגן,6
חוף אשקלון,2
גדרה,2
כפר מנדא,4
עומר,0
אשכול,0
נס ציונה,6
יהוד -מונסון,2
מעיליא,4
ראמה,5
אל-בטוף,4
עמק הירדן,5
גן יבנה,2
קרית טבעון,5
לכיש,2
בני שמעון,0
מיתר,0
להבים,0
רמת נגב,0
ירוחם,0
מצפה רמון,0
עילוט,4
רמלה,6
תמר,0
ערד,0
הערבה התיכונה,0
שער הנגב,0
שדרות,0
מג'אר,5
"בני עי""ש",2
קרית עקרון,2
טירה,4
מטה אשר,5
מעלה יוסף,5
מעלות-תרשיחא,5
שלומי,5
כפר ורדים,5
יאנוח - ג'ת,5
חורפיש,5
עכו,5
קרית אונו,2
לוד,6
יואב,2
כפר ברא,4
נהריה,5
אור יהודה,1
אבו סנאן,4
ג'סר א-זרקא,4
אל קסום,4
חבל אילות,0
אילת,0
גוש חלב (ג'יש),5
עילבון,5
פקיעין (בוקייעה),5
מטה יהודה,2
מבשרת ציון,2
מג'דל שמס,5
בוסתאן אל-מרג',4
גבעת שמואל,1
אבו גוש,4
ירכא,5
הוד השרון,1
חבל יבנה,2
פסוטה,5
חוף הכרמל,4
זכרון יעקב,4
יבנה,2
כפר סבא,1
רחובות,6
חדרה,4
רמת השרון,2
צפת,5
רעננה,1
עמק חפר,2
אליכין,2
פרדס חנה - כרכור,4
משגב,5
יבנאל,5
טירת כרמל,4
מנשה,2
אלונה,2
בנימינה - גבעת עדה,2
אור עקיבא,2
חריש,2
הגליל העליון,5
גבעתיים,1
מגידו,2
יקנעם עילית,2
כפר כמא,5
ראש העין,2
בסמת טבעון,4
סאג'ור,5
עין קיניה,5
שפיר,2
כסרא - סמיע,5
מסעדה,5
ביר אל-מכסור,4
קרית מלאכי,2
כפר קאסם,4
קרית גת,2
פוריידיס,4
בוקעאתא,5
נחל שורק,2
חיפה,5
מודיעין-מכבים-רעות,2
כעביה - טבאש - חג'אג'רה,5
זרזיר,5
טובא-זנגריה,5
ג'וליס,5
בית שמש,2
אשקלון,2
תל אביב -יפו,6
ע'ג'ר,5
אשדוד,2
ירושלים,2
